Liam Smith,extras
Noah Johnson,extras
Oliver Williams,extras
Elijah Brown,extras
James Jones,extras
William Garcia,extras
Benjamin Miller,extras
Lucas Davis,extras
Henry Rodriguez,extras
Theodore Martinez,extras
Jack Hernandez,extras
Levi Lopez,extras
Alexander Gonzalez,extras
Jackson Wilson,extras
Mateo Anderson,extras
Daniel Thomas,extras
Michael Taylor,extras
Mason Moore,extras
Sebastian Jackson,extras
Ethan Martin,extras
Logan Lee,extras
Owen Perez,extras
Samuel Thomson,extras
Jacob White,extras
Asher Harris,extras
Aiden Sanchez,extras
John Clark,extras
Joseph Lewis,extras
Wyatt Robinson,extras
David Walker,extras
Leo Young,extras
Luke Allen,extras
Julian King,extras
Hudson Wright,extras
Grayson Scott,extras
Matthew Torrez,extras
Ezra Nguyen,extras
Gabriel Hill,extras
Carter Flores,extras
Isaac Green,extras
Jayden Adams,extras
Luca Nelson,extras
Anthony Baker,extras
Dylan Hall,extras
Lincoln Rivera,extras
Thomas Campbell,extras
Maverick Mitchell,extras
Elias Carter,extras
Josiah Roberts,extras
Charles Gomez,extras
Caleb Phillips,extras
Christopher Evans,extras
Ezekiel Turner,extras
Miles Diaz,extras
Jaxon Parker,extras
Isaiah Cruz,extras
Andrew Edwards,extras
Joshua Collins,extras
Nathan Reyes,extras
Nolan Stewart,extras
Adrian Morris,extras
Cameron Morales,extras
Santiago Murphy,extras
Eli Cook,extras
Aaron Rogers,extras
Ryan Gutierrez,extras
Olivia Ortiz,extras
Emma Morgan,extras
Charlotte Cooper,extras
Amelia Peterson,extras
Ava Bailey,extras
Sophia Reed,extras
Isabella Kelly,extras
Mia Howard,extras
Evelyn Ramos,extras
Harper Kim,extras
Luna Ward,extras
Camila Richardson,extras
Gianna Watson,extras
Elizabeth Brooks,extras
Eleanor Chavez,extras
Ella Wood,extras
Abigail James,extras
Sofia Bennett,extras
Avery Gray,extras
Scarlett Mendoza,extras
Emily Ruiz,extras
Aria Hughes,extras
Penelope Price,extras
Chloe Alvarez,extras
Layla Castillo,extras
Mila Sanders,extras
Nora Patel,extras
Hazel Myers,extras
Madison Long,extras
Ellie Ross,extras
Lily Foster,extras
Nova Jimenez,extras
Isla Powell,extras
Grace Jenkins,extras
Violet Perry,extras
Aurora Russell,extras
Riley Sullivan,extras
Zoey Bell,extras
Willow Coleman,extras
Emilia Butler,extras
Stella Henderson,extras
Zoe Barnes,extras
Victoria Gonzales,extras
Hannah Fisher,extras
Addison West,extras
Leah Cole,extras
Lucy Hayes,extras
Eliana Bryant,extras
Ivy Medina,extras
Everly Ford,extras
Lillian Castro,extras
Paisley Owens,extras
Elena Harrison,extras
Naomi SIlva,extras
Maya Mason,extras
Natalie Gordon,extras
Kinsley Rose,extras
Delilah May,extras
Claire Davidson,extras
Audrey Joseph,extras
Aaliyah Wade,extras
Ruby Cross,extras
Brooklyn Quinn,extras
Alice Paul,extras
Aubrey Blair,extras
Autumn Robbins,extras
