chicken noodle soup,calzone,ice cream
french onion soup,mashed potatoes and chicken,donuts
tomato cream soup,butter chicken,banana bread
lentil soup,sushi,croissant
sweet cream potato soup,chicken masala,crepes
cauliflower soup,chicken and rice,biscuits
ramen,lasagna,pudding
mushroom cream soup,stuffed peppers,gingerbread
beef soup,pesto pasta,chocolate truffles
gazpacho,tuna salad,lava cake
tomato creap soup,mac and cheese,vegan muffins
lentil soup,vegan burger,vegan cookies
sweet potato cream soup,aglio e olio spaghetti,vegan crepes
french onion soup,tofu salad,vegan biscuits
mushroom cream soup,vegan sushi,vegan donuts
gazpacho,bean tacos,yogurt
cauliflower cream soup,vegan paella,vegan ice cream
minestrone,margherita pizza,tarte tatin
ramen,vegetarian poke bowl,caramelized apples
turkey soup,grilled veggies and ranch,fruit salad
tomato cream soup,grilled salmon,chocolate truffles
french onion soup,cod and rice,crepes
fish soup,tuna salad,banana bread
lentil soup,sushi,donuts
carrot cream soup,salmon poke bowl,ice cream
ramen,tuna poke bowl,cheesecake
mushroom cream soup,mashed potatoes and fish,creme brulee
gazpacho,fried fish and polenta,almond cake
fish cream soup,fish tacos,apple pie
minestrone,fish curry,tiramisu


